City_ID,City,Lat,Lng,Max Temp,Humidity,Cloudiness,Wind Speed,Country,Current Description
0,Herbertpur,30.45,77.7333,89.06,57,95,1.52,IN,overcast clouds
1,Cape Town,-33.9258,18.4232,55.89,90,75,11.5,ZA,light rain
2,Vanimo,-2.6741,141.3028,85.78,64,56,7.92,PG,broken clouds
3,Kavali,14.9167,79.9833,88.75,55,100,19.39,IN,overcast clouds
4,Ribeira Grande,38.5167,-28.7,66.27,86,38,13.02,PT,scattered clouds
5,Acapulco,16.8634,-99.8901,81.07,83,77,8.97,MX,broken clouds
6,Arraial Do Cabo,-22.9661,-42.0278,69.96,85,0,19.42,BR,clear sky
7,Vaini,-21.2,-175.2,75.36,78,75,9.22,TO,broken clouds
8,Rikitea,-23.1203,-134.9692,74.43,76,6,21.97,PF,light rain
9,Mataura,-46.1927,168.8643,51.48,69,42,9.48,NZ,scattered clouds
10,Albany,42.6001,-73.9662,66.06,75,71,3.91,US,broken clouds
11,Lata,40.1629,-8.3327,63.07,83,1,2.75,PT,clear sky
12,Khatanga,71.9667,102.5,51.96,72,96,16.89,RU,overcast clouds
13,Barrow,71.2906,-156.7887,50.56,63,17,13.38,US,light rain
14,Lahore,31.5497,74.3436,84.18,84,75,19.57,PK,smoke
15,Hermanus,-34.4187,19.2345,56.8,80,35,13.85,ZA,light rain
16,Mahebourg,-20.4081,57.7,73.26,78,40,14.97,MU,light intensity shower rain
17,Saint-Philippe,-21.3585,55.7679,69.39,74,61,14.54,RE,broken clouds
18,Bambous Virieux,-20.3428,57.7575,73.22,78,40,14.97,MU,light intensity shower rain
19,Kununurra,-15.7667,128.7333,75.18,31,14,13.8,AU,few clouds
20,Victoria,22.2855,114.1577,87.85,78,100,28.01,HK,overcast clouds
21,Upernavik,72.7868,-56.1549,38.48,90,54,2.33,GL,broken clouds
22,Ushuaia,-54.8,-68.3,38.86,75,40,12.66,AR,scattered clouds
23,Kapaa,22.0752,-159.319,78.12,79,100,8.01,US,overcast clouds
24,North Bend,43.4065,-124.2243,59.23,100,90,5.1,US,overcast clouds
25,Touros,-5.1989,-35.4608,74.17,93,97,12.1,BR,moderate rain
26,Busselton,-33.65,115.3333,58.64,56,0,9.93,AU,clear sky
27,Santiago,-33.4569,-70.6483,46.85,74,63,2.3,CL,broken clouds
28,Bredasdorp,-34.5322,20.0403,50.2,81,8,7.05,ZA,clear sky
29,Muroto,33.2833,134.15,78.73,86,100,7.52,JP,overcast clouds
30,Ostrovnoy,68.0531,39.5131,61.66,58,7,16.33,RU,clear sky
31,Manbij,36.5281,37.9549,78.03,31,0,13.67,SY,clear sky
32,Chern,53.4523,36.9145,60.15,72,77,7.83,RU,broken clouds
33,Chumikan,54.7183,135.315,62.28,80,92,10.31,RU,overcast clouds
34,Jamestown,42.097,-79.2353,63.72,81,100,2.89,US,overcast clouds
35,San Patricio,28.017,-97.5169,86.85,80,31,14.76,US,scattered clouds
36,Bluff,-46.6,168.3333,51.8,75,54,33.29,NZ,broken clouds
37,Kysyl-Syr,63.8986,122.7617,84.54,38,4,9.84,RU,clear sky
38,Atuona,-9.8,-139.0333,78.24,79,5,16.15,PF,clear sky
39,Sibolga,1.7427,98.7792,85.1,62,100,4.29,ID,overcast clouds
40,New Norfolk,-42.7826,147.0587,57.88,78,67,2.06,AU,broken clouds
41,Xai-Xai,-25.0519,33.6442,60.35,93,0,6.64,MZ,clear sky
42,Solnechnyy,50.7214,136.6319,80.69,59,97,5.61,RU,overcast clouds
43,Jasper,37.2001,-94.3502,80.04,73,95,1.01,US,overcast clouds
44,Dikson,73.5069,80.5464,32.81,93,88,12.35,RU,overcast clouds
45,Norman Wells,65.282,-126.8329,77.04,44,20,18.41,CA,few clouds
46,Longyearbyen,78.2186,15.6401,44.44,87,75,14.97,SJ,broken clouds
47,Whitehorse,60.7161,-135.0538,72.01,46,75,2.3,CA,smoke
48,Emerald,-23.5333,148.1667,53.1,76,99,4.09,AU,light rain
49,Narsaq,60.9167,-46.05,49.03,64,100,1.72,GL,overcast clouds
50,Torbay,47.6666,-52.7314,64.27,87,100,14.97,CA,overcast clouds
51,Ulagan,50.6321,87.9563,61.16,48,35,3.85,RU,scattered clouds
52,Beringovskiy,63.05,179.3167,45.18,96,100,11.3,RU,overcast clouds
53,Lianzhou,24.7811,112.3825,77.04,97,100,8.9,CN,overcast clouds
54,Sao Filipe,14.8961,-24.4956,72.81,75,10,10.67,CV,clear sky
55,Broken Hill,-31.95,141.4333,52.32,45,0,17.11,AU,clear sky
56,Honningsvag,70.9821,25.9704,69.55,73,20,10.36,NO,few clouds
57,Seshcha,53.7361,33.3387,62.96,86,62,4.97,RU,broken clouds
58,Byron Bay,-28.65,153.6167,69.94,66,23,2.51,AU,few clouds
59,Shunyi,40.125,116.6453,75.15,94,40,4.47,CN,scattered clouds
60,Souillac,-20.5167,57.5167,70.18,78,40,14.97,MU,light intensity shower rain
61,Marsa Matruh,31.3525,27.2453,77.2,78,0,6.91,EG,clear sky
62,Seminole,28.7086,-81.2081,79.07,94,0,0.0,US,clear sky
63,Carnarvon,-24.8667,113.6333,68.36,28,0,16.78,AU,clear sky
64,Guerrero Negro,27.9769,-114.0611,68.23,80,0,19.42,MX,clear sky
65,Tasiilaq,65.6145,-37.6368,34.77,90,31,6.98,GL,scattered clouds
66,Lebu,-37.6167,-73.65,47.34,80,20,5.5,CL,few clouds
67,Paamiut,61.994,-49.6678,42.85,78,100,1.07,GL,overcast clouds
68,Punta Arenas,-53.15,-70.9167,32.11,100,75,10.36,CL,light snow
69,Sikandra Rao,27.7,78.4,94.66,49,31,7.85,IN,scattered clouds
70,Chokurdakh,70.6333,147.9167,68.86,31,87,9.19,RU,overcast clouds
71,Bangangte,5.1409,10.5198,59.16,96,82,2.48,CM,broken clouds
72,Isla Vista,34.4133,-119.861,75.38,61,0,5.99,US,clear sky
73,Saint George,37.1041,-113.5841,85.14,15,0,7.83,US,clear sky
74,Hobart,-42.8794,147.3294,58.23,68,20,8.05,AU,few clouds
75,Russell,32.3502,-85.1999,78.08,91,49,3.38,US,scattered clouds
76,Kaitangata,-46.2817,169.8464,52.74,65,30,12.5,NZ,scattered clouds
77,Yar-Sale,66.8333,70.8333,45.75,67,97,19.35,RU,overcast clouds
78,Puerto Ayora,-0.7393,-90.3518,70.56,87,39,1.99,EC,scattered clouds
79,Cayenne,4.9333,-52.3333,81.09,1,0,0.0,GF,clear sky
80,Avarua,-21.2078,-159.775,75.25,78,100,10.36,CK,overcast clouds
81,Kanpur,26.4667,80.35,95.7,46,12,7.25,IN,few clouds
82,Rorvik,64.8621,11.2373,54.46,84,1,11.48,NO,clear sky
83,Banat,29.4667,77.35,94.23,48,43,10.49,IN,scattered clouds
84,Sitka,57.0531,-135.33,60.55,84,90,3.4,US,overcast clouds
85,Sept-Iles,50.2001,-66.3821,60.8,87,40,4.61,CA,mist
86,Broome,42.2506,-75.833,67.64,82,81,1.01,US,broken clouds
87,Port Alfred,-33.5906,26.891,57.18,89,11,6.33,ZA,few clouds
88,Bengkulu,-3.8004,102.2655,83.16,65,76,3.69,ID,broken clouds
89,Avera,33.194,-82.5271,80.55,66,100,4.85,US,overcast clouds
90,Lasa,46.6166,10.7002,60.37,88,32,3.44,IT,scattered clouds
91,Port Elizabeth,-33.918,25.5701,59.29,88,100,2.3,ZA,overcast clouds
92,Ambilobe,-13.2,49.05,70.23,65,51,5.57,MG,broken clouds
93,Gushikawa,26.3544,127.8686,79.83,94,75,18.41,JP,light rain
94,Saint-Pierre,-21.3393,55.4781,71.91,67,0,11.5,RE,clear sky
95,Kenora,49.8167,-94.4337,61.77,55,20,3.44,CA,few clouds
96,East London,-33.0153,27.9116,59.94,72,0,10.36,ZA,clear sky
97,Karasuk,53.7377,78.0403,65.25,53,73,7.29,RU,broken clouds
98,Sisimiut,66.9395,-53.6735,45.34,76,24,7.43,GL,few clouds
99,Georgetown,5.4112,100.3354,89.55,62,20,10.36,MY,few clouds
100,Balkanabat,39.5108,54.3671,84.0,25,92,10.96,TM,overcast clouds
101,Hobyo,5.3505,48.5268,77.07,76,74,26.4,SO,broken clouds
102,Ossora,59.2353,163.0719,50.74,87,100,4.43,RU,overcast clouds
103,Husavik,66.0449,-17.3389,43.74,98,100,14.18,IS,light rain
104,Amahai,-3.3333,128.9167,81.43,82,86,6.42,ID,light rain
105,Kruisfontein,-34.0033,24.7314,56.88,85,91,3.89,ZA,overcast clouds
106,Takaungu,-3.6837,39.8566,71.87,83,75,14.18,KE,broken clouds
107,Yellowknife,62.456,-114.3525,63.12,55,20,4.61,CA,few clouds
108,Candido De Abreu,-24.5669,-51.3333,58.77,88,8,2.13,BR,clear sky
109,Tateyama,34.9833,139.8667,80.51,81,95,15.19,JP,overcast clouds
110,Thompson,55.7435,-97.8558,57.36,72,100,2.3,CA,overcast clouds
111,Mar Del Plata,-38.0023,-57.5575,39.94,76,0,3.0,AR,clear sky
112,Belen,36.4891,36.2233,69.78,79,2,6.11,TR,clear sky
113,Manta,-0.95,-80.7333,71.38,88,20,11.5,EC,few clouds
114,Iqaluit,63.7506,-68.5145,40.73,86,75,0.0,CA,broken clouds
115,Kyra,49.5776,111.9753,85.46,39,99,7.56,RU,overcast clouds
116,Namibe,-15.1961,12.1522,65.8,62,0,7.76,AO,clear sky
117,Hithadhoo,-0.6,73.0833,84.09,71,99,9.82,MV,overcast clouds
118,Butaritari,3.0707,172.7902,83.1,75,30,21.97,KI,scattered clouds
119,Nueva Gerona,21.8833,-82.8,82.2,72,0,7.11,CU,clear sky
120,Castro,-24.7911,-50.0119,56.21,74,6,4.34,BR,clear sky
121,Tuktoyaktuk,69.4541,-133.0374,78.8,41,0,13.8,CA,clear sky
122,Elko,41.0002,-115.5012,78.06,18,66,7.65,US,broken clouds
123,Havre-Saint-Pierre,50.2334,-63.5986,59.36,100,100,0.0,CA,fog
124,Ancud,-41.8697,-73.8203,42.22,76,100,15.7,CL,light rain
125,El Carrizo,24.0261,-106.8814,80.92,78,54,0.78,MX,broken clouds
126,Hilo,19.7297,-155.09,77.61,88,71,1.01,US,broken clouds
127,Dafeng,23.4517,108.5881,77.9,92,100,8.95,CN,overcast clouds
128,Kieta,-6.2167,155.6333,85.24,70,18,9.17,PG,light rain
129,Alanya,36.5438,31.9998,78.24,44,0,11.14,TR,clear sky
130,Kahului,20.8947,-156.47,79.84,82,85,13.0,US,overcast clouds
131,Chimbote,-9.0853,-78.5783,61.56,87,21,5.3,PE,few clouds
132,Acajutiba,-11.6622,-38.0172,67.55,92,50,5.66,BR,scattered clouds
133,Easton,40.6884,-75.2207,75.81,90,73,1.36,US,broken clouds
134,Salalah,17.0151,54.0924,80.2,86,89,9.35,OM,overcast clouds
135,Bonthe,7.5264,-12.505,75.33,89,89,7.27,SL,moderate rain
136,Bam,29.106,58.357,100.53,12,100,3.71,IR,overcast clouds
137,Tuatapere,-46.1333,167.6833,50.77,74,62,13.4,NZ,broken clouds
138,Hualmay,-11.0964,-77.6139,61.72,83,68,6.02,PE,broken clouds
139,Cidreira,-30.1811,-50.2056,61.36,91,94,7.47,BR,overcast clouds
140,Gardner,42.5751,-71.9981,67.64,90,71,4.99,US,broken clouds
141,Dehloran,32.6941,47.2679,93.87,14,0,1.36,IR,clear sky
142,Manadhoo,5.7667,73.3833,81.5,78,98,13.65,MV,overcast clouds
143,Eureka,40.8021,-124.1637,59.67,84,100,4.0,US,overcast clouds
144,Nigran,42.1415,-8.8066,65.17,82,0,1.14,ES,clear sky
145,Kuusamo,65.9667,29.1833,69.84,78,0,4.61,FI,clear sky
146,Pisco,-13.7,-76.2167,60.85,88,40,5.75,PE,scattered clouds
147,Tadine,-21.55,167.8833,76.12,72,60,14.14,NC,broken clouds
148,Mastic Beach,40.7668,-72.8521,75.04,93,56,11.01,US,broken clouds
149,Zhireken,52.8249,117.3076,88.18,32,100,6.04,RU,overcast clouds
150,Nairobi,-1.2833,36.8167,56.52,77,75,5.75,KE,broken clouds
151,Plavinas,56.6178,25.7255,60.04,97,99,4.72,LV,overcast clouds
152,Zabaykalsk,49.6333,117.3167,91.89,28,100,9.17,RU,overcast clouds
153,Lompoc,34.6391,-120.4579,59.14,87,75,18.41,US,broken clouds
154,Meulaboh,4.1363,96.1285,83.26,67,90,3.15,ID,overcast clouds
155,Chandler,33.3062,-111.8412,100.47,25,20,4.61,US,few clouds
156,Garden City,42.3256,-83.331,73.65,61,97,6.35,US,overcast clouds
157,Alofi,-19.0595,-169.9187,80.49,78,13,10.36,NU,few clouds
158,Turgenevo,54.8455,46.3297,61.12,75,87,3.38,RU,overcast clouds
159,Taozhuang,34.85,117.3333,91.0,54,84,11.5,CN,broken clouds
160,Zhuhai,22.2769,113.5678,87.58,84,40,21.85,CN,scattered clouds
161,Klaksvik,62.2266,-6.589,49.12,93,100,26.53,FO,moderate rain
162,Cherskiy,68.75,161.3,40.28,94,100,11.61,RU,light rain
163,Gravdal,68.1214,13.5031,53.06,92,100,13.82,NO,overcast clouds
164,Flagstaff,35.1981,-111.6513,73.31,51,68,1.01,US,broken clouds
165,Takoradi,4.8845,-1.7554,74.59,86,18,5.61,GH,few clouds
166,Mgandu,-5.95,34.1333,50.81,75,3,9.06,TZ,clear sky
167,Agadez,19.75,10.25,84.61,12,7,8.19,NE,clear sky
168,Shelburne,44.0787,-80.2041,54.9,65,46,7.94,CA,scattered clouds
169,Cordoba,-31.4135,-64.1811,42.76,52,0,8.05,AR,clear sky
170,Bethel,41.3712,-73.414,72.93,96,40,3.44,US,scattered clouds
171,Lubango,-14.9172,13.4925,52.48,44,0,2.73,AO,clear sky
172,Kodiak,57.79,-152.4072,53.11,94,100,14.97,US,light rain
173,Lagoa,39.05,-27.9833,64.8,87,70,11.61,PT,broken clouds
174,Yumen,40.2833,97.2,84.54,19,10,10.31,CN,clear sky
175,Lebedinyy,58.5167,125.5167,82.49,39,99,11.95,RU,overcast clouds
176,Ponta Do Sol,32.6667,-17.1,70.43,77,48,3.91,PT,scattered clouds
177,Esperance,-33.8667,121.9,59.95,51,0,5.59,AU,clear sky
178,Nome,64.5011,-165.4064,62.17,77,40,8.05,US,scattered clouds
179,Hasaki,35.7333,140.8333,97.29,66,64,13.29,JP,broken clouds
180,Wasilla,61.5814,-149.4394,77.67,43,0,17.27,US,clear sky
181,Vila,42.0304,-8.1588,54.48,88,13,5.93,PT,few clouds
182,Vestmannaeyjar,63.4427,-20.2734,50.2,87,40,21.03,IS,scattered clouds
183,Kato Soulion,38.1667,24.0,80.46,56,0,19.37,GR,clear sky
184,Takanosu,40.2219,140.3694,87.33,50,45,10.83,JP,scattered clouds
185,Sangar,63.9242,127.4739,76.82,47,56,10.18,RU,broken clouds
186,Buluang,13.3068,123.3425,84.81,71,100,0.45,PH,overcast clouds
187,Qaanaaq,77.484,-69.3632,37.09,99,100,7.07,GL,light rain
188,Saint-Augustin,51.226,-58.6502,57.31,99,100,2.48,CA,overcast clouds
189,Podporozhye,60.9112,34.1706,67.5,84,100,1.54,RU,overcast clouds
190,Sajanan,37.0573,9.2426,77.92,51,8,1.77,TN,clear sky
191,Topolobampo,25.6,-109.05,83.57,70,33,2.68,MX,scattered clouds
192,Ventspils,57.3894,21.5606,57.13,100,1,1.14,LV,clear sky
193,Oytal,42.9057,73.2697,86.85,21,0,6.31,KZ,clear sky
194,Wuwei,37.9281,102.6414,85.32,22,32,7.99,CN,scattered clouds
195,Zhangjiakou,40.81,114.8794,68.68,90,100,3.13,CN,light rain
196,Maunabo,18.0072,-65.8993,76.84,93,100,14.09,PR,overcast clouds
197,Saint-Francois,46.4154,3.9054,55.42,94,0,0.0,FR,clear sky
198,Satun,6.8333,100.0,89.6,66,100,5.3,TH,overcast clouds
199,Port Shepstone,-30.7414,30.455,62.73,40,0,8.66,ZA,clear sky
200,Ulladulla,-35.35,150.4667,58.1,71,100,20.15,AU,light rain
201,Savonlinna,61.8699,28.88,71.65,73,0,2.3,FI,clear sky
202,Misratah,32.3754,15.0925,80.42,58,0,5.57,LY,clear sky
203,Boguchany,58.3814,97.4531,65.75,59,96,10.78,RU,overcast clouds
204,Cienfuegos,22.1461,-80.4356,76.39,89,44,7.7,CU,scattered clouds
205,Saskylakh,71.9167,114.0833,68.23,36,2,11.43,RU,clear sky
206,Lorengau,-2.0226,147.2712,83.21,79,91,9.08,PG,heavy intensity rain
207,Oruro,-17.9833,-67.15,41.32,54,26,4.92,BO,scattered clouds
208,Nikolskoye,59.7035,30.7861,73.87,62,100,4.12,RU,overcast clouds
209,Eyl,7.9803,49.8164,78.08,65,100,30.8,SO,overcast clouds
210,Boa Vista,2.8197,-60.6733,78.78,83,40,1.14,BR,scattered clouds
211,Grand Gaube,-20.0064,57.6608,73.38,61,92,11.99,MU,overcast clouds
212,Coquimbo,-29.9533,-71.3436,54.34,78,38,5.21,CL,scattered clouds
213,Fenyi,27.8112,114.6681,77.77,94,100,3.94,CN,light rain
214,The Valley,18.217,-63.0578,82.09,82,100,18.41,AI,overcast clouds
215,Puerto Cabello,10.4731,-68.0125,81.27,77,95,7.2,VE,overcast clouds
216,Ust-Tsilma,65.441,52.1498,54.66,62,51,6.33,RU,broken clouds
217,Sioux Lookout,50.1001,-91.917,50.18,65,5,3.13,CA,clear sky
218,Yulara,-25.2406,130.9889,56.97,29,0,17.09,AU,clear sky
219,Port Blair,11.6667,92.75,84.42,78,100,17.56,IN,light rain
220,Mecca,21.4267,39.8261,87.17,25,100,5.26,SA,overcast clouds
221,Chapada Dos Guimaraes,-15.4606,-55.7497,62.26,42,46,4.59,BR,scattered clouds
222,Codrington,-38.2667,141.9667,53.33,66,87,11.99,AU,overcast clouds
223,Ecublens,46.529,6.5626,63.86,67,0,1.19,CH,clear sky
224,Airai,-8.9266,125.4092,66.47,82,91,3.96,TL,overcast clouds
225,Namwala,-15.7504,26.4384,57.33,69,85,4.65,ZM,overcast clouds
226,Hagi,34.4,131.4167,81.95,71,100,16.69,JP,overcast clouds
227,Vigrestad,58.5667,5.7,57.96,85,38,11.74,NO,scattered clouds
228,Tongren,27.7172,109.1853,79.92,88,100,7.76,CN,overcast clouds
229,Melfort,52.8667,-104.6177,53.92,82,44,1.48,CA,scattered clouds
230,Nioro,13.35,-15.75,77.59,78,93,2.44,GM,overcast clouds
231,Angren,41.0167,70.1436,88.07,17,0,2.13,UZ,clear sky
232,Clyde River,70.4692,-68.5914,30.43,100,100,10.36,CA,heavy snow
233,Chuy,-33.6971,-53.4616,43.3,88,24,3.8,UY,few clouds
234,Faanui,-16.4833,-151.75,79.07,65,17,14.52,PF,few clouds
235,Oktyabrskoye,43.0645,44.7417,59.14,72,0,8.95,RU,clear sky
236,Deputatskiy,69.3,139.9,56.41,62,100,1.95,RU,light rain
237,Mount Gambier,-37.8333,140.7667,53.35,61,92,8.39,AU,overcast clouds
238,Agua Verde,22.9,-106.05,82.49,74,10,2.21,MX,clear sky
239,Beloha,-25.1667,45.05,56.41,76,0,6.73,MG,clear sky
240,Manzhouli,49.6,117.4333,92.71,27,100,8.75,CN,overcast clouds
241,Hovd,48.0056,91.6419,67.14,27,100,5.61,MN,overcast clouds
242,Dingle,10.9995,122.6711,88.52,66,76,9.53,PH,broken clouds
243,Nelson Bay,-32.7167,152.15,64.99,95,100,15.99,AU,light rain
244,Korla,41.7597,86.1469,89.64,14,80,6.46,CN,broken clouds
245,Yaan,7.3833,8.5667,70.83,96,94,4.05,NG,overcast clouds
246,Vaitape,-16.5167,-151.75,79.07,65,17,14.32,PF,few clouds
247,Liberal,37.0431,-100.921,75.34,69,75,26.46,US,broken clouds
248,Udachnyy,66.4167,112.4,74.71,58,100,17.83,RU,light rain
249,Port Lincoln,-34.7333,135.8667,53.73,64,100,9.28,AU,overcast clouds
250,Tupik,54.4253,119.9327,82.67,53,1,0.36,RU,clear sky
251,Qianan,44.9932,124.0581,88.48,47,2,15.21,CN,clear sky
252,Zheleznodorozhnyy,55.7503,38.0042,68.61,65,69,8.72,RU,broken clouds
253,Lamar,33.6668,-95.5836,78.78,88,0,4.61,US,clear sky
254,Vardo,70.3705,31.1107,69.78,68,7,14.97,NO,clear sky
255,Merauke,-8.4667,140.3333,82.04,81,100,10.76,ID,overcast clouds
256,Sao Raimundo Nonato,-9.0153,-42.6994,75.16,69,97,10.22,BR,overcast clouds
257,Alabaster,33.2443,-86.8164,78.71,88,14,1.01,US,few clouds
258,Capoterra,39.1763,8.9718,75.52,88,0,5.75,IT,clear sky
259,Zhigansk,66.7697,123.3711,73.2,44,86,15.43,RU,overcast clouds
260,Myronivka,49.6601,30.9823,62.11,50,64,2.28,UA,broken clouds
261,Leningradskiy,69.3833,178.4167,39.45,87,100,3.22,RU,overcast clouds
262,Yeppoon,-23.1333,150.7333,55.18,92,99,6.13,AU,overcast clouds
263,Buckeye,33.3703,-112.5838,102.18,18,6,6.62,US,clear sky
264,Tura,25.5198,90.2201,84.65,70,100,5.77,IN,overcast clouds
265,Houma,29.5958,-90.7195,80.01,91,40,0.0,US,scattered clouds
266,Luderitz,-26.6481,15.1594,56.01,84,0,7.47,NA,clear sky
267,Geraldton,-28.7667,114.6,64.81,36,0,20.71,AU,clear sky
268,Bageshwar,29.85,79.7667,82.94,68,59,1.81,IN,broken clouds
269,Mantua,45.1667,10.7833,78.04,81,0,3.0,IT,clear sky
270,Aripuana,-9.1667,-60.6333,74.66,70,52,1.63,BR,broken clouds
271,Namatanai,-3.6667,152.4333,84.83,69,24,9.24,PG,few clouds
272,Ratnagiri,16.9833,73.3,81.91,81,100,15.26,IN,overcast clouds
273,Saldanha,-33.0117,17.9442,56.5,78,96,10.02,ZA,light rain
274,Chiungutwa,-10.8833,38.9833,60.06,96,0,1.28,TZ,clear sky
275,Pevek,69.7008,170.3133,32.4,98,100,8.25,RU,overcast clouds
276,Praya,14.9215,-23.5087,72.12,79,37,13.96,CV,scattered clouds
277,Lexington,37.9887,-84.4777,74.55,94,84,4.76,US,broken clouds
278,Puerto Colombia,10.9878,-74.9547,81.7,85,27,19.04,CO,scattered clouds
279,Wana,32.2989,69.5725,83.17,59,22,5.55,PK,few clouds
280,Watsa,3.0372,29.5355,61.65,99,80,1.79,CD,broken clouds
281,Aklavik,68.2191,-135.0107,82.44,33,98,4.29,CA,overcast clouds
282,Moindou,-21.6924,165.677,79.36,67,97,5.79,NC,overcast clouds
283,Praia Da Vitoria,38.7333,-27.0667,65.75,83,83,9.08,PT,broken clouds
284,Bathsheba,13.2167,-59.5167,81.21,94,40,20.71,BB,scattered clouds
285,Taitung,22.7583,121.1444,89.87,70,75,5.75,TW,broken clouds
286,Kozhva,65.1073,57.0459,55.33,52,47,12.24,RU,scattered clouds
287,Rojhan,28.6868,69.9534,99.01,41,0,10.0,PK,clear sky
288,Kavieng,-2.5744,150.7967,84.61,73,24,13.24,PG,light rain
289,Tiksi,71.6872,128.8694,43.47,93,100,4.79,RU,light rain
290,Mombasa,-4.0547,39.6636,68.41,88,20,5.75,KE,few clouds
291,Elbistan,38.2059,37.1983,58.69,54,0,3.71,TR,clear sky
292,Tibiri,13.5627,7.0485,83.14,56,23,13.49,NE,few clouds
293,Maple Creek,49.9168,-109.4848,63.99,66,85,10.94,CA,overcast clouds
294,Karratha,-20.7377,116.8463,71.02,23,3,22.64,AU,clear sky
295,Praia,14.9215,-23.5087,72.12,79,37,13.96,CV,scattered clouds
296,Bontang,0.1333,117.5,85.32,70,84,4.25,ID,broken clouds
297,Namanga,-2.5433,36.7905,54.52,91,72,8.57,KE,broken clouds
298,Sao Joaquim,-28.2939,-49.9317,50.63,94,66,3.83,BR,broken clouds
299,Raudeberg,61.9875,5.1352,59.95,81,92,21.18,NO,light rain
300,Mackay,-21.15,149.2,64.69,89,100,11.1,AU,overcast clouds
301,Ko Samui,9.5357,99.9357,84.15,73,98,15.28,TH,overcast clouds
302,Toucheng,24.8592,121.8233,87.98,67,99,2.24,TW,overcast clouds
303,Santa Rosa,14.3122,121.1114,92.1,68,98,3.74,PH,overcast clouds
304,Swift Current,50.2834,-107.8014,60.39,79,23,10.27,CA,light rain
305,Tondano,1.3038,124.9112,80.69,82,100,2.46,ID,overcast clouds
306,Da Lat,11.9465,108.4419,73.74,65,100,6.93,VN,overcast clouds
307,Mezen,65.8522,44.24,57.76,54,4,3.8,RU,clear sky
308,Comodoro Rivadavia,-45.8667,-67.5,40.86,52,0,14.97,AR,clear sky
309,Putatan,5.9258,116.0609,89.62,66,20,3.44,MY,few clouds
310,Dubbo,-32.25,148.6167,53.73,94,75,2.3,AU,light rain
311,Axim,4.8699,-2.2405,76.21,82,70,7.63,GH,light rain
312,Richards Bay,-28.783,32.0377,61.27,45,0,9.19,ZA,clear sky
313,Takab,36.4009,47.1133,64.99,54,0,4.59,IR,clear sky
314,Aykhal,66.0,111.5,67.05,73,100,7.58,RU,light rain
315,Katsuura,35.1333,140.3,81.18,80,97,12.88,JP,overcast clouds
316,Winnemucca,40.973,-117.7357,77.05,14,100,12.66,US,haze
317,Hofn,64.2539,-15.2082,52.23,72,100,13.98,IS,overcast clouds
318,Santa Isabel,-23.3156,-46.2214,60.1,75,0,2.51,BR,clear sky
319,Shimoda,34.6667,138.95,83.1,77,99,10.85,JP,overcast clouds
320,Abu Samrah,35.3029,37.1841,75.42,58,0,7.72,SY,clear sky
321,Fukue,32.6881,128.8419,77.88,90,100,19.08,JP,overcast clouds
322,Pitimbu,-7.4706,-34.8086,73.99,79,61,17.27,BR,broken clouds
323,Santa Vitoria Do Palmar,-33.5189,-53.3681,44.28,87,17,5.01,BR,few clouds
324,Walvis Bay,-22.9575,14.5053,58.33,79,0,7.07,NA,clear sky
325,Choa Saidan Shah,32.7201,72.9849,90.16,52,16,10.29,PK,few clouds
326,Sur,22.5667,59.5289,90.75,61,86,3.15,OM,overcast clouds
327,Bowen,-20.0167,148.2333,66.33,89,100,8.12,AU,overcast clouds
328,Taoudenni,22.6783,-3.9836,92.52,21,0,9.95,ML,clear sky
329,Valparaiso,-33.0393,-71.6273,51.48,72,31,8.63,CL,scattered clouds
330,Yakeshi,49.2833,120.7333,93.76,24,43,5.14,CN,scattered clouds
331,Barao De Melgaco,-16.1944,-55.9675,71.58,48,27,2.8,BR,scattered clouds
332,Ornes,66.8689,13.7078,55.78,89,97,4.36,NO,overcast clouds
333,Darhan,49.4867,105.9228,66.15,78,100,12.86,MN,overcast clouds
334,Kedougou,12.5579,-12.1743,73.31,96,100,4.07,SN,light rain
335,Witham,51.8001,0.6404,57.09,87,48,7.65,GB,scattered clouds
336,Komsomolskiy,40.4272,71.7189,84.92,26,0,4.61,UZ,clear sky
337,Neuquen,-38.9516,-68.0591,46.08,45,17,19.42,AR,few clouds
338,Severo-Kurilsk,50.6789,156.125,52.81,86,54,13.0,RU,broken clouds
339,Carutapera,-1.195,-46.02,75.13,92,32,6.6,BR,scattered clouds
340,Carlsbad,33.1581,-117.3506,68.81,84,75,7.0,US,broken clouds
341,Rodrigues Alves,-7.738,-72.6509,73.31,77,62,1.9,BR,broken clouds
342,Noshiro,40.2039,140.0242,79.52,69,65,8.12,JP,broken clouds
343,Newport,51.5877,-2.9984,56.61,90,100,4.79,GB,overcast clouds
344,Evensk,61.95,159.2333,59.5,64,94,12.15,RU,light rain
345,Nhulunbuy,-12.2333,136.7667,74.01,88,75,13.8,AU,broken clouds
346,Harper,4.375,-7.7169,74.93,82,100,7.94,LR,overcast clouds
347,Itupiranga,-5.1347,-49.3267,79.12,74,64,2.64,BR,broken clouds
348,Jardim,-21.4803,-56.1381,68.79,59,0,4.59,BR,clear sky
349,Godda,24.8333,87.2167,91.08,58,91,9.89,IN,overcast clouds
350,Kenai,60.5544,-151.2583,71.02,65,0,10.36,US,clear sky
351,Xining,36.6167,101.7667,74.8,39,54,3.18,CN,broken clouds
352,Krasnoselkup,65.7,82.4667,57.65,53,99,14.41,RU,overcast clouds
353,Boma,7.0805,-2.1697,69.33,99,91,2.24,GH,overcast clouds
354,Mayo,38.8876,-76.5119,75.61,93,0,0.0,US,clear sky
355,Channel-Port Aux Basques,47.5702,-59.1367,59.0,99,100,13.47,CA,overcast clouds
356,Aykino,62.2248,49.9922,58.75,64,98,5.3,RU,overcast clouds
357,Puerto Escondido,15.85,-97.0667,82.22,84,80,8.21,MX,broken clouds
358,La Union,-5.4,-80.75,64.96,73,6,10.8,PE,clear sky
359,Gerash,27.6652,54.1371,91.92,31,29,0.85,IR,scattered clouds
360,Kayattar,8.95,77.8,88.0,51,94,16.37,IN,overcast clouds
361,Provideniya,64.3833,-173.3,52.25,68,100,4.61,RU,overcast clouds
362,Naryan-Mar,67.6713,53.087,53.02,62,25,6.11,RU,scattered clouds
363,San Isidro,-12.1167,-77.05,61.02,86,100,3.44,PE,overcast clouds
364,Horsham,51.064,-0.3272,54.25,89,0,2.3,GB,clear sky
365,Dunedin,-45.8742,170.5036,55.8,49,5,1.99,NZ,clear sky
366,Port Hardy,50.6996,-127.4199,57.4,90,25,12.8,CA,scattered clouds
367,Coudekerque-Branche,51.0229,2.3936,55.99,92,75,6.91,FR,broken clouds
368,Lavrentiya,65.5833,-171.0,47.1,89,100,3.6,RU,overcast clouds
369,Talcahuano,-36.7167,-73.1167,38.88,100,5,3.44,CL,mist
370,Kalaleh,37.3807,55.4916,74.5,69,54,15.12,IR,light rain
371,Maragogi,-9.0122,-35.2225,76.37,76,95,10.16,BR,overcast clouds
372,Tabas,33.5959,56.9244,96.96,9,47,2.62,IR,scattered clouds
373,Hay River,60.8156,-115.7999,54.97,69,87,8.19,CA,overcast clouds
374,Taltal,-25.4,-70.4833,58.05,76,77,5.17,CL,broken clouds
375,Nata,8.3333,-80.5167,75.52,94,71,4.07,PA,broken clouds
376,Andenes,69.3143,16.1194,57.92,88,100,24.16,NO,overcast clouds
377,Zhezkazgan,47.8043,67.7144,80.58,16,0,17.9,KZ,clear sky
378,Mayumba,-3.432,10.6554,70.05,95,22,4.54,GA,few clouds
379,Vila Velha,-20.3297,-40.2925,65.95,91,0,1.14,BR,clear sky
380,Puerto Madryn,-42.7692,-65.0385,48.92,51,55,22.79,AR,broken clouds
381,Devonport,-41.1667,146.35,50.09,54,4,1.81,AU,clear sky
382,Petropavlovsk-Kamchatskiy,53.0452,158.6483,63.19,82,75,6.71,RU,broken clouds
383,Naze,28.3667,129.4833,78.01,86,92,17.36,JP,overcast clouds
384,Isangel,-19.55,169.2667,77.77,77,97,14.76,VU,overcast clouds
385,Cocachacra,-17.0883,-71.7575,59.11,83,38,3.09,PE,scattered clouds
386,Adre,13.4667,22.2,78.03,66,100,8.25,TD,overcast clouds
387,Ulaangom,49.9811,92.0667,66.9,38,100,6.91,MN,overcast clouds
388,San Cristobal,7.7669,-72.225,73.58,99,97,4.05,VE,overcast clouds
389,Blagoyevo,63.3667,47.9167,60.87,63,66,4.76,RU,broken clouds
390,Changji,44.0167,87.3167,81.39,32,0,8.95,CN,clear sky
391,Ilulissat,69.2167,-51.1,41.02,87,39,1.14,GL,scattered clouds
392,Nongan,44.382,125.1685,76.98,78,99,13.27,CN,overcast clouds
393,Ferme-Neuve,46.7001,-75.4493,56.08,60,57,3.09,CA,broken clouds
394,Tazovskiy,67.4667,78.7,47.55,63,100,16.78,RU,overcast clouds
395,Adiake,5.2863,-3.304,75.65,79,92,5.66,CI,overcast clouds
396,Pangnirtung,66.1451,-65.7125,42.31,83,96,1.77,CA,overcast clouds
397,Grindavik,63.8424,-22.4338,48.67,93,75,16.11,IS,broken clouds
398,Kondoa,-4.9,35.7833,49.14,90,9,2.42,TZ,clear sky
399,Maumere,-8.6199,122.2111,84.09,70,95,5.12,ID,overcast clouds
400,Innisfail,-17.5333,146.0333,70.03,88,100,7.72,AU,overcast clouds
401,Chuka,-0.3332,37.6459,56.44,81,94,4.45,KE,overcast clouds
402,Awjilah,29.1081,21.2869,78.93,45,0,6.31,LY,clear sky
403,Banatski Karlovac,45.0472,21.0161,71.6,60,0,3.04,RS,clear sky
404,Auki,-8.7676,160.7034,85.69,60,36,5.61,SB,scattered clouds
405,Canon City,38.441,-105.2424,67.44,78,0,7.0,US,clear sky
406,Kugulta,45.3636,42.3889,63.18,60,0,13.0,RU,clear sky
407,Golpayegan,33.4537,50.2884,82.62,13,0,4.27,IR,clear sky
408,Christchurch,-43.5333,172.6333,59.2,49,1,5.75,NZ,clear sky
409,Constitucion,-35.3333,-72.4167,51.03,78,100,8.43,CL,overcast clouds
410,Quatre Cocos,-20.2078,57.7625,73.09,67,92,20.94,MU,light rain
411,Lucea,18.451,-78.1736,78.85,82,67,11.25,JM,broken clouds
412,Linxia,35.6003,103.2064,82.02,31,0,4.05,CN,clear sky
413,San Quintin,30.4833,-115.95,66.04,83,0,16.28,MX,clear sky
414,Portland,45.5234,-122.6762,68.58,72,75,9.22,US,broken clouds
415,Nanortalik,60.1432,-45.2371,45.1,74,100,5.28,GL,overcast clouds
416,Costa Rica,-23.4167,-54.65,67.66,59,0,7.36,BR,clear sky
417,Syamzha,60.0158,41.0614,63.86,72,37,4.72,RU,scattered clouds
418,Pasighat,28.0667,95.3333,89.26,67,83,4.43,IN,broken clouds
419,Camana,-16.6228,-72.7111,60.1,83,35,8.28,PE,scattered clouds
420,Kaeo,-35.1,173.7833,58.32,76,13,3.47,NZ,few clouds
421,Tshikapa,-6.4167,20.8,70.25,50,36,3.4,CD,scattered clouds
422,Khandyga,62.6667,135.6,83.57,30,80,1.81,RU,broken clouds
423,Mbuji-Mayi,-6.15,23.6,69.6,52,45,3.69,CD,scattered clouds
424,Longhua,23.6137,114.1919,79.9,93,100,5.99,CN,light rain
425,Avallon,47.4833,3.9,54.75,86,6,3.02,FR,clear sky
426,Honiara,-9.4333,159.95,88.25,54,6,9.66,SB,clear sky
427,Margate,51.3813,1.3862,57.69,88,13,1.99,GB,few clouds
428,Santa,17.486,120.4348,89.02,71,100,8.81,PH,light rain
429,Loding,67.3,14.75,55.65,93,100,9.22,NO,overcast clouds
430,Muana,-1.5283,-49.2167,72.9,96,21,4.83,BR,few clouds
431,Linfen,36.0889,111.5189,90.7,42,4,8.1,CN,clear sky
432,Karasburg,-28.0167,18.75,51.57,66,0,5.17,NA,clear sky
433,Mineiros,-17.5694,-52.5511,64.6,46,51,2.06,BR,broken clouds
434,Sambava,-14.2667,50.1667,70.18,84,86,19.24,MG,light rain
435,Cervo,43.6702,-7.4101,61.97,86,67,14.18,ES,broken clouds
436,Donetsk,48.0,37.8,63.34,61,0,8.97,UA,clear sky
437,Mama,58.3106,112.8986,87.31,49,4,11.27,RU,clear sky
438,Rio Grande,-32.035,-52.0986,50.95,81,100,10.2,BR,overcast clouds
439,Enid,36.3956,-97.8784,82.56,69,40,8.05,US,scattered clouds
440,Manado,1.487,124.8455,88.57,70,20,5.75,ID,few clouds
441,Flin Flon,54.7682,-101.865,55.47,55,83,0.63,CA,broken clouds
442,Cabedelo,-6.9811,-34.8339,74.07,83,78,16.33,BR,light rain
443,Kanker,20.2719,81.4931,81.7,77,100,6.2,IN,overcast clouds
444,Sehithwa,-20.4667,22.7167,56.01,57,49,4.68,BW,scattered clouds
445,Santarem,-2.4431,-54.7083,73.53,100,20,0.0,BR,few clouds
446,Carauari,-4.8828,-66.8958,73.76,86,72,3.0,BR,broken clouds
447,Holstebro,56.3601,8.6161,58.03,81,73,6.44,DK,broken clouds
448,Kartarpur,31.44,75.4997,95.31,46,6,9.19,IN,clear sky
449,Salinas,36.6777,-121.6555,62.42,76,100,14.97,US,overcast clouds
450,Shingu,33.7333,135.9833,77.4,91,100,1.07,JP,heavy intensity rain
451,Methven,-43.6333,171.65,54.91,49,1,3.0,NZ,clear sky
452,Rudnyy,52.9594,63.1206,68.23,56,3,7.16,KZ,clear sky
453,La Ronge,55.1001,-105.2842,55.54,57,22,5.77,CA,few clouds
454,Anahuac,27.2333,-100.15,88.41,47,22,27.27,MX,few clouds
455,Camocim,-2.9022,-40.8411,75.47,87,57,12.68,BR,broken clouds
456,Riohacha,11.5444,-72.9072,79.03,86,36,9.31,CO,scattered clouds
457,Moose Factory,51.2585,-80.6094,49.98,87,100,5.75,CA,overcast clouds
458,Yekaterinovka,52.0508,44.3451,58.89,75,17,11.54,RU,few clouds
459,Boueni,-12.9025,45.0761,76.98,69,13,25.66,YT,few clouds
460,Dvinskoy,62.1535,45.1175,62.17,63,9,3.53,RU,clear sky
461,Alyangula,-13.8483,136.4192,72.48,74,100,17.49,AU,overcast clouds
462,Boende,-0.2167,20.8667,68.07,97,46,2.3,CD,scattered clouds
463,Parita,8.0,-80.5167,77.32,92,54,6.15,PA,broken clouds
464,Eregli,37.5133,34.0467,63.0,53,0,1.12,TR,clear sky
465,Labuhan,-6.8844,112.2051,86.34,66,46,9.1,ID,scattered clouds
466,Uyskoye,54.3775,60.0047,62.22,68,8,2.86,RU,clear sky
467,Antsohihy,-14.8796,47.9875,71.13,58,38,12.71,MG,scattered clouds
468,Iberia,29.9502,-91.7507,79.97,89,0,3.44,US,clear sky
469,Kishapu,-3.6167,33.8667,58.84,68,3,9.06,TZ,clear sky
470,Marrakesh,31.6315,-8.0083,64.47,77,0,6.91,MA,clear sky
471,Cairns,-16.9167,145.7667,83.07,71,100,13.8,AU,overcast clouds
472,Ternate,0.8,127.4,81.36,77,76,2.84,ID,broken clouds
473,Guiyang,26.5833,106.7167,76.89,76,100,13.71,CN,overcast clouds
474,Haines Junction,60.7522,-137.5108,57.81,91,92,5.97,CA,moderate rain
475,Mercedes,-34.6515,-59.4307,36.03,54,14,1.34,AR,few clouds
476,Tessalit,20.1986,1.0114,86.18,34,41,4.74,ML,scattered clouds
477,Ponta Delgada,37.7333,-25.6667,67.5,82,40,6.91,PT,scattered clouds
478,Itarantim,-15.6597,-40.0656,62.22,97,31,2.53,BR,scattered clouds
479,Daru,-9.0763,143.2092,81.75,83,100,7.99,PG,overcast clouds
480,Visnes,59.3556,5.2242,59.22,88,100,20.71,NO,moderate rain
481,Kavaratti,10.5669,72.642,82.31,81,100,18.9,IN,overcast clouds
482,Tarko-Sale,64.9225,77.785,55.81,55,96,16.55,RU,overcast clouds
483,Chernyshevskiy,63.0128,112.4714,80.49,48,100,6.87,RU,overcast clouds
484,Mnogovershinnyy,53.9353,139.9242,76.82,32,4,8.57,RU,clear sky
485,Tiznit,29.5833,-9.5,64.56,73,0,1.45,MA,clear sky
486,Lydenburg,-25.0978,30.4597,45.39,60,0,1.72,ZA,clear sky
487,At-Bashi,41.1702,75.8106,69.94,27,0,2.3,KG,clear sky
488,Ejura,7.3856,-1.3562,68.56,97,73,3.38,GH,broken clouds
489,Kayanga,-1.5303,31.1511,55.36,66,23,4.05,TZ,few clouds
490,Narok,-1.0783,35.8601,48.43,81,91,4.21,KE,overcast clouds
491,Blackwater,-23.5833,148.8833,53.01,86,100,5.19,AU,light rain
492,Jutai,-5.1833,-68.9,76.44,78,92,1.03,BR,overcast clouds
493,Curitibanos,-27.2828,-50.5844,52.54,95,11,2.98,BR,few clouds
494,Tromso,69.6496,18.957,60.82,82,75,32.21,NO,broken clouds
495,Hope,33.6671,-93.5916,78.85,95,93,3.89,US,overcast clouds
496,Laguna,38.421,-121.4238,68.45,71,0,12.66,US,clear sky
497,Neepawa,50.2289,-99.4664,56.98,75,96,6.04,CA,overcast clouds
498,Juneau,58.3019,-134.4197,75.2,84,20,4.61,US,few clouds
499,Mansfield,53.1333,-1.2,51.44,93,35,5.23,GB,scattered clouds
500,Laja,-37.2667,-72.7,40.35,97,12,3.06,CL,few clouds
501,Padang,-0.9492,100.3543,84.25,62,90,4.14,ID,overcast clouds
502,Jalu,29.0331,21.5482,79.43,38,0,7.29,LY,clear sky
503,Rawson,-43.3002,-65.1023,48.6,51,52,22.84,AR,broken clouds
504,Huarmey,-10.0681,-78.1522,62.22,86,62,5.66,PE,broken clouds
505,Inta,66.0317,60.1659,50.05,52,5,11.95,RU,clear sky
506,Novaya Malykla,54.2,49.95,61.77,76,5,8.3,RU,clear sky
507,Kindu,-2.95,25.95,67.73,84,36,0.11,CD,scattered clouds
508,Sao Joao Da Barra,-21.6403,-41.0511,68.68,83,0,13.8,BR,clear sky
509,Gaoyou,32.7858,119.4278,90.07,56,100,9.15,CN,overcast clouds
510,Tsiroanomandidy,-18.7667,46.0333,49.59,78,0,3.27,MG,clear sky
511,Kentau,43.5206,68.5094,87.55,14,25,6.71,KZ,scattered clouds
512,Bac Lieu,9.285,105.7244,86.76,67,100,10.13,VN,moderate rain
513,Compostela,7.6731,126.0889,89.64,63,60,2.15,PH,broken clouds
514,Anloga,5.7947,0.8973,77.52,81,99,11.25,GH,overcast clouds
515,Tamandare,-8.7597,-35.1047,76.32,75,100,7.29,BR,overcast clouds
516,Yambio,4.5721,28.3955,65.21,98,93,3.89,SS,light rain
517,Mweka,-4.85,21.5667,67.32,62,96,1.43,CD,overcast clouds
518,Lensk,60.7253,114.9278,94.48,27,27,8.05,RU,scattered clouds
519,De Panne,51.0792,2.5917,56.01,92,75,6.91,BE,broken clouds
520,Talnakh,69.4865,88.3972,56.21,53,71,15.17,RU,broken clouds
521,Half Moon Bay,37.4636,-122.4286,60.89,85,100,16.11,US,overcast clouds
522,Uvinza,-5.1036,30.3911,58.21,58,5,3.4,TZ,clear sky
523,Paola,39.3599,16.0396,71.69,64,0,4.21,IT,clear sky
524,Challans,46.8436,-1.8749,54.52,93,78,7.85,FR,broken clouds
525,Aitape,-3.1374,142.3475,86.68,61,26,7.7,PG,scattered clouds
526,Manavgat,36.7867,31.4431,78.13,44,0,11.63,TR,clear sky
527,Nantucket,41.2835,-70.0995,72.0,94,100,10.36,US,mist
528,Celestun,20.8667,-90.4,80.46,82,9,12.64,MX,clear sky
529,Nouadhibou,20.931,-17.0347,67.73,85,0,21.25,MR,clear sky
530,Farafangana,-22.8167,47.8333,66.99,76,91,2.75,MG,light rain
531,Sapa,5.1544,120.3241,83.7,78,52,4.09,PH,broken clouds
532,Vostok,46.4856,135.8833,70.38,92,100,4.36,RU,light rain
533,Copiapo,-27.3667,-70.3333,44.29,50,100,1.61,CL,overcast clouds
534,Tezu,27.9167,96.1667,89.82,62,99,4.0,IN,overcast clouds
535,Magherani,46.5667,24.9,61.97,86,28,3.04,RO,scattered clouds
536,Hamilton,39.1834,-84.5333,77.85,63,0,4.61,US,clear sky
537,Inhambane,-23.865,35.3833,63.3,88,1,3.65,MZ,clear sky
538,Rafai,4.95,23.9167,67.5,98,100,2.13,CF,overcast clouds
539,Ugoofaaru,5.6667,73.0,81.0,80,96,14.29,MV,overcast clouds
540,Cabo San Lucas,22.8909,-109.9124,85.51,63,1,3.0,MX,clear sky
541,Moscow,55.7522,37.6156,69.46,62,49,9.48,RU,scattered clouds
542,San-Pedro,4.7485,-6.6363,74.34,85,100,7.0,CI,overcast clouds
543,Bar Harbor,44.3876,-68.2039,65.01,90,0,0.0,US,mist
544,Vung Tau,10.346,107.0843,85.03,72,100,12.37,VN,very heavy rain
545,Fortuna,40.5982,-124.1573,56.93,91,100,4.36,US,overcast clouds
546,Cap Malheureux,-19.9842,57.6142,73.47,60,91,11.01,MU,overcast clouds
547,Kokopo,-4.352,152.2633,86.65,60,9,6.96,PG,clear sky
548,Ust-Kulom,61.6864,53.6902,57.7,64,89,6.96,RU,overcast clouds
549,General Pico,-35.6566,-63.7568,39.16,37,3,9.19,AR,clear sky
550,Arona,28.0996,-16.681,63.12,71,20,6.91,ES,few clouds
551,Puerto Penasco,31.3167,-113.5333,85.91,79,0,7.07,MX,clear sky
552,Sao Paulo De Olivenca,-3.3783,-68.8725,74.08,94,87,0.78,BR,overcast clouds
553,Bafq,31.6128,55.4107,96.85,8,25,2.01,IR,scattered clouds
554,Lazdijai,54.2333,23.5167,57.0,94,78,8.34,LT,broken clouds
555,Cockburn Town,21.4612,-71.1419,82.02,79,58,26.6,TC,broken clouds
556,Jacareacanga,-6.2222,-57.7528,75.51,77,81,1.21,BR,broken clouds
557,Marinette,45.1,-87.6307,64.45,59,0,8.05,US,clear sky
558,Marsaxlokk,35.8419,14.5431,79.41,78,0,9.22,MT,clear sky
559,Xuddur,4.1213,43.8894,68.07,81,92,22.84,SO,overcast clouds
560,Sakakah,29.9697,40.2064,80.83,35,0,10.02,SA,clear sky
561,Cozumel,20.5083,-86.9458,77.95,91,73,8.84,MX,broken clouds
562,Mao,39.8885,4.2658,73.96,88,0,6.91,ES,clear sky
563,Ponte San Pietro,45.6963,9.5849,75.81,67,0,2.3,IT,clear sky
564,Anadyr,64.75,177.4833,44.49,93,100,23.38,RU,overcast clouds
565,Saint-Georges,12.0564,-61.7485,79.63,83,36,18.45,GD,scattered clouds
566,Waddan,29.1614,16.139,79.81,28,0,1.74,LY,clear sky
567,Ahipara,-35.1667,173.1667,58.06,61,8,3.11,NZ,clear sky
568,Lashio,22.9333,97.75,72.01,96,100,1.21,MM,overcast clouds
569,Adrar,20.5022,-10.0711,89.55,18,30,8.19,MR,scattered clouds
570,Kiruna,67.8557,20.2251,63.52,88,100,8.05,SE,overcast clouds
571,Caninde,-4.3589,-39.3117,71.69,93,61,4.25,BR,broken clouds
572,Simao,22.7886,100.9748,78.8,73,89,2.39,CN,overcast clouds
573,Metro,-5.1131,105.3067,85.89,63,41,4.79,ID,scattered clouds
574,Bartlesville,36.7473,-95.9808,80.55,76,20,4.61,US,few clouds
575,Ville-Marie,47.3335,-79.433,53.17,69,68,9.33,CA,broken clouds
576,Waingapu,-9.6567,120.2641,82.98,74,100,16.02,ID,overcast clouds
577,Pinega,64.7001,43.3936,59.7,56,0,3.51,RU,clear sky
578,Douglas,41.3,-96.167,75.07,79,0,5.75,US,clear sky
579,Mindelo,16.8901,-24.9804,71.19,78,46,18.9,CV,scattered clouds
580,Hervey Bay,-25.2986,152.8535,64.02,81,99,8.99,AU,light rain
581,Nouakchott,18.0858,-15.9785,75.13,70,78,14.65,MR,broken clouds
582,Te Anau,-45.4167,167.7167,48.09,79,72,8.03,NZ,broken clouds
583,Naron,43.5167,-8.1528,63.45,86,37,13.6,ES,scattered clouds
584,Kapuskasing,49.4169,-82.4331,50.9,83,83,7.23,CA,broken clouds
585,Cookeville,36.1628,-85.5016,74.91,92,75,0.0,US,broken clouds
586,Alexandria,31.2156,29.9553,76.42,83,9,5.53,EG,clear sky
587,Hongjiang,27.11,109.9956,75.96,99,100,4.45,CN,light rain
588,Shenxian,36.2411,115.6672,80.64,80,100,3.02,CN,heavy intensity rain
589,Taunsa,30.7048,70.6505,101.12,38,10,2.8,PK,clear sky
590,Itarema,-2.9248,-39.9167,76.03,86,9,12.55,BR,clear sky
591,Umm Lajj,25.0213,37.2685,84.31,54,100,5.77,SA,overcast clouds
592,Halifax,44.6453,-63.5724,65.7,96,100,3.0,CA,overcast clouds
593,Kupino,54.3663,77.2981,62.94,63,15,7.92,RU,few clouds
594,Okha,53.5739,142.9478,64.58,66,23,7.72,RU,few clouds
595,Beyneu,45.3167,55.2,75.58,30,100,15.57,KZ,overcast clouds
596,Soyo,-6.1349,12.3689,72.3,81,100,9.57,AO,overcast clouds
597,Atlantic City,39.3643,-74.4229,76.03,91,40,6.91,US,moderate rain
598,Altay,47.8667,88.1167,68.47,29,2,6.55,CN,clear sky
599,Chapais,49.7834,-74.8492,39.29,92,13,5.3,CA,few clouds
600,Lazaro Cardenas,17.9583,-102.2,80.1,82,78,3.38,MX,broken clouds
601,Ola,59.5833,151.2833,63.68,51,69,15.52,RU,broken clouds
602,Mansehra,34.3333,73.2,82.81,65,82,2.13,PK,broken clouds
603,Puranpur,28.5167,80.15,93.94,52,58,7.16,IN,broken clouds
604,Sobolevo,54.4299,31.8996,65.39,86,92,3.0,RU,overcast clouds
605,Vila Franca Do Campo,37.7167,-25.4333,67.19,90,39,8.12,PT,light rain
606,Pascagoula,30.3658,-88.5561,82.45,94,0,0.0,US,clear sky
607,Calvinia,-31.4707,19.776,47.23,82,91,9.62,ZA,overcast clouds
608,Lahij,13.1667,44.5833,84.74,57,95,7.67,YE,overcast clouds
609,Engenheiro Beltrao,-23.7972,-52.2692,60.26,80,0,2.98,BR,clear sky
610,Tres Arroyos,-38.3739,-60.2798,37.6,46,0,9.84,AR,clear sky
611,Haligue,13.6667,121.1167,83.82,72,100,6.2,PH,overcast clouds
612,Micheweni,-4.9667,39.8333,73.13,78,20,12.3,TZ,few clouds
613,Pochutla,15.7432,-96.4661,79.83,87,29,5.03,MX,scattered clouds
614,Maniitsoq,65.4167,-52.9,43.63,74,98,9.04,GL,overcast clouds
615,La Macarena,2.1837,-73.7849,70.34,95,80,1.48,CO,broken clouds
616,Leh,34.1667,77.5833,72.0,24,2,4.07,IN,clear sky
617,Kibre Mengist,5.8833,38.9833,56.91,79,88,3.94,ET,overcast clouds
618,Jiayuguan,39.8167,98.3,81.41,26,48,6.31,CN,scattered clouds
619,Nemuro,43.3236,145.575,61.54,95,100,7.16,JP,overcast clouds
620,Kurilsk,45.2333,147.8833,60.12,92,100,2.91,RU,overcast clouds
621,Morros,-9.4467,-46.3003,75.6,53,85,3.53,BR,overcast clouds
622,Kaseda,31.4167,130.3167,77.22,90,100,16.64,JP,overcast clouds
623,Paramirim,-13.4425,-42.2389,62.87,88,20,6.93,BR,few clouds
624,Hambantota,6.1241,81.1185,85.73,66,56,24.07,LK,broken clouds
625,Vestmanna,62.1564,-7.1664,47.32,93,100,26.46,FO,drizzle
626,Weatherford,32.7593,-97.7972,85.95,67,19,8.86,US,few clouds
627,Sembakung,3.8167,117.25,93.79,50,40,1.07,ID,scattered clouds
628,Teya,60.3778,92.6267,60.22,69,93,9.35,RU,light rain
629,Muli,2.9167,73.5667,79.14,83,100,13.04,MV,moderate rain
630,Mukhen,48.1,136.1,74.48,93,100,3.18,RU,overcast clouds
631,Forbes,-33.3833,148.0167,55.92,84,100,16.31,AU,light rain
632,Lakatoro,-16.0999,167.4164,82.18,73,8,16.06,VU,clear sky
633,Pauini,-7.7136,-66.9764,71.11,94,24,2.08,BR,few clouds
634,Dhanwar,24.4167,85.9833,88.54,59,100,9.19,IN,overcast clouds
635,Thinadhoo,0.5333,72.9333,84.34,71,95,13.8,MV,overcast clouds
636,Yerbogachen,61.2767,108.0108,63.79,96,100,5.01,RU,light rain
637,Kjollefjord,70.9457,27.3465,76.82,61,10,13.8,NO,clear sky
638,Hokitika,-42.7167,170.9667,53.1,79,10,9.37,NZ,clear sky
639,Bage,-31.3314,-54.1069,49.78,100,0,4.61,BR,clear sky
640,Port-Gentil,-0.7193,8.7815,74.23,85,80,10.89,GA,broken clouds
641,Sendhwa,21.6833,75.1,82.8,69,88,14.9,IN,overcast clouds
642,Aleksandrov Gay,50.147,48.5704,58.41,82,75,14.12,RU,broken clouds
643,Coihaique,-45.5752,-72.0662,33.75,80,0,6.91,CL,clear sky
644,Louga,58.7372,29.8453,70.12,67,100,3.04,RU,overcast clouds
645,Temple,31.0982,-97.3428,88.36,55,0,13.8,US,clear sky
646,Noumea,-22.2763,166.4572,77.0,99,96,13.04,NC,overcast clouds
647,Rincon,32.296,-81.2354,79.84,86,20,8.05,US,few clouds
648,Messina,38.1933,15.5497,80.56,76,5,11.5,IT,clear sky
649,Xiaoshi,41.2971,124.1209,75.67,83,84,5.55,CN,broken clouds
650,Kawalu,-7.3817,108.2082,84.81,66,65,3.87,ID,broken clouds
651,Angoche,-16.2325,39.9086,70.18,77,16,4.54,MZ,few clouds
652,Port Hedland,-20.3167,118.5667,73.45,20,0,19.57,AU,clear sky
653,Porto Novo,6.4965,2.6036,73.83,87,94,4.65,BJ,overcast clouds
654,Carbonear,47.7332,-53.2148,64.15,93,100,16.37,CA,overcast clouds
655,Kushmurun,52.4503,64.6311,66.04,55,2,9.4,KZ,clear sky
656,Kampot,10.6167,104.1833,80.65,67,100,7.47,KH,light rain
657,College,64.8569,-147.8028,84.07,44,75,4.61,US,smoke
658,Omboue,-1.5746,9.2618,71.55,92,30,5.59,GA,scattered clouds
659,Puerto Ayacucho,5.6639,-67.6236,74.5,94,99,2.86,VE,overcast clouds
660,Nanchang,28.6833,115.8833,81.18,87,100,2.86,CN,light rain
661,Poya,-21.35,165.15,80.24,68,94,6.26,NC,overcast clouds
662,Okhotsk,59.3833,143.3,64.9,53,9,8.03,RU,clear sky
663,Chilliwack,49.1747,-121.9443,69.37,68,99,1.01,CA,overcast clouds
664,Kayes,14.0,-11.0,74.97,79,94,5.08,ML,overcast clouds
665,Bahia Blanca,-38.7196,-62.2724,43.92,35,4,12.75,AR,clear sky
666,Ler,8.3018,30.1418,71.1,90,93,4.47,SS,overcast clouds
667,Khorramshahr,30.4397,48.1664,91.35,17,0,15.88,IR,clear sky
668,Batemans Bay,-35.7167,150.1833,55.09,78,89,15.61,AU,overcast clouds
669,Adeje,28.1227,-16.726,67.32,72,20,6.91,ES,few clouds
670,Klyuchi,52.2667,79.1667,71.38,44,76,7.74,RU,broken clouds
671,Manokwari,-0.8667,134.0833,77.56,90,94,12.66,ID,overcast clouds
672,Ust-Kut,56.7938,105.7672,62.71,80,100,10.22,RU,overcast clouds
673,Altamira,-3.2033,-52.2064,71.62,98,75,2.1,BR,broken clouds
674,Ostersund,63.1792,14.6357,54.05,87,5,10.36,SE,clear sky
675,Tual,-5.6667,132.75,79.77,87,100,21.5,ID,heavy intensity rain
676,Santo Antonio Do Monte,-20.0872,-45.2936,57.52,70,0,4.72,BR,clear sky
677,Port Keats,-14.25,129.55,78.31,42,7,13.35,AU,clear sky
678,Tomatlan,19.9333,-105.25,76.98,88,71,2.3,MX,broken clouds
679,Maua,-23.6678,-46.4614,66.49,73,0,5.21,BR,clear sky
680,Poum,-20.2333,164.0167,78.03,81,100,19.06,NC,overcast clouds
681,Srednekolymsk,67.45,153.6833,66.24,30,1,13.96,RU,clear sky
682,Mitu,1.1983,-70.1733,70.3,99,98,1.52,CO,overcast clouds
683,Trzebnica,51.3108,17.0633,57.0,90,0,5.39,PL,clear sky
684,San Jose,37.3394,-121.895,61.39,75,75,12.66,US,broken clouds
685,Plon,54.1667,10.4167,65.8,56,96,10.65,DE,overcast clouds
686,Bend,44.0582,-121.3153,61.61,87,75,19.57,US,broken clouds
687,Mori,34.8333,137.9333,84.43,77,100,3.74,JP,overcast clouds
688,Rocha,-34.4833,-54.3333,39.6,91,3,3.22,UY,clear sky
689,Bereda,43.2686,-7.5406,62.42,100,100,7.4,ES,overcast clouds
690,Brumado,-14.2036,-41.6653,64.29,89,8,4.88,BR,clear sky
691,Vidim,56.4088,103.1106,66.65,55,78,9.69,RU,light rain
692,Ambulu,-8.345,113.6058,84.79,69,40,4.14,ID,scattered clouds
693,Alice Springs,-23.7,133.8833,54.95,38,0,12.66,AU,clear sky
694,Peniche,39.3558,-9.3811,65.1,93,100,7.14,PT,overcast clouds
695,Gobabis,-22.45,18.9667,47.25,66,0,12.26,NA,clear sky
696,Irtyshskiy,58.3333,68.1333,59.43,73,100,4.76,RU,overcast clouds
697,Pirogovskiy,55.9781,37.7336,70.14,60,0,6.71,RU,clear sky
698,Kamenka,51.3223,42.7678,58.78,75,8,10.18,RU,clear sky
699,Robertsport,6.7533,-11.3686,76.24,86,100,8.57,LR,moderate rain
700,Hendrina,-26.1588,29.7153,39.51,60,0,2.95,ZA,clear sky
701,Rameswaram,9.2833,79.3,83.5,75,100,5.61,IN,overcast clouds
702,Cartagena,10.3997,-75.5144,78.42,94,40,4.61,CO,scattered clouds
703,Paoua,7.2427,16.4406,66.02,92,100,2.01,CF,overcast clouds
704,Zaozerne,45.1582,33.2787,67.59,57,0,7.61,UA,clear sky
705,Thunder Bay,48.4001,-89.3168,51.78,70,0,4.34,CA,clear sky
706,Biak,-0.9131,122.8766,84.02,68,54,3.24,ID,broken clouds
707,Manzanillo,20.3433,-77.1167,77.05,82,100,11.27,CU,overcast clouds
708,Ongandjera,-17.8833,15.0667,53.85,46,0,4.59,NA,clear sky
709,San Andres,12.5847,-81.7006,82.42,83,40,12.66,CO,thunderstorm
710,Belaya Gora,68.5333,146.4167,70.5,32,97,7.23,RU,overcast clouds
711,Beira,-19.8436,34.8389,65.84,92,58,3.11,MZ,broken clouds
712,Morococha,-11.5997,-76.1411,31.5,63,100,5.21,PE,overcast clouds
713,Zhangye,38.9342,100.4517,83.53,23,93,4.52,CN,overcast clouds
